Coordinate X,Coordinate Y,ID,Depth (cm),pH H2O,pH K2O,P (mg/dm3),K (mg/dm3),Na (mg/dm3),Ca (cmolc/dm3),Mg (cmolc/dm3),Al (cmolc/dm3),H+Al(cmolc/dm3),Fe (mg/dm3),Zn (mg/dm3),Mn (mg/dm3),Cu (mg/dm3)
807946.1,9640336.8,1,20,4.6,3.98,32,23,4,0.91,0.25,0.91,6.7,65,0.93,6.54,0.3
807960.2,9640321,6,20,4.88,4.07,35,18,2,2.26,0.25,0.46,6.15,30,6.06,36.4,0.47
807986.8,9640272.5,11,20,5.32,4.43,48,11,1,2.11,0.29,0.16,4.88,33,2.71,16.15,0.34
807956.8,9640230.2,16,20,5.12,4.24,54,18,1,1.27,0.37,0.33,4.83,66,3.73,32.44,0.61
807927.4,9640186.8,21,20,5.03,4.13,97,13,1,0.87,0.23,0.9,6.35,41,3.93,17.94,0.98
807953.4,9640172.5,26,20,5.49,4.52,86,12,1,2.04,0.48,0.31,2.74,35,6.65,30.11,1.18
807901.9,9640201.6,31,20,4.89,4.08,98,30,3,1.58,0.49,0.5,8.51,40,4.11,20.83,0.51
807898.9,9640145.4,36,20,5.89,4.96,85,28,2,3.32,1.13,0,3.22,38,6.19,44.72,1.52
807840.7,9640153.4,41,20,4.86,4.02,88,25,4,2.04,0.25,0.78,3.75,36,9.76,54.24,1.41
807873.5,9640106.8,46,20,5.05,4.24,115,25,2,3.2,0.74,0.2,3.56,40,9.53,105.9,1.65
807859.7,9640087.6,51,20,5.89,5.15,420,33,7,6.26,1.04,0,3.2,23,22.16,104.99,1.37
807969,9640158.7,56,20,5.51,4.46,106,15,2,2.32,0.54,0,4.87,36,6.7,35.77,1.26
807998,9640199.8,61,20,5.23,4.4,44,19,1,1.18,0.59,0.22,3.04,136,1.68,17.96,0.29
807939.9,9640116.3,66,20,5.43,4.46,39,45,2,2.48,0.87,0.14,3.2,50,8.39,51.03,1.72
807909.3,9640072.3,71,20,5.24,4.45,136,33,2,3.06,0.84,0.13,4.93,37,8.99,38.65,0.88
807902.4,9640061.5,76,20,5.73,5.01,109,34,4,6.16,1.06,0,2.24,15,11.58,114,0.65
807952,9640047.1,81,20,5.75,4.94,409,31,8,5.27,0.81,0,4.29,29,22.52,79.89,1.06
807941,9640028.3,86,20,5.21,4.34,119,21,2,3.14,0.38,0.12,4.16,25,6.61,38.14,0.89
807985.7,9640011.1,91,20,5.37,4.74,161,56,3,4.58,1.06,0.08,3.38,37,12.41,111.11,1.17
807974.5,9639989.4,96,20,5.51,4.66,131,44,3,3.73,0.7,0,4.57,46,6.16,70.13,1.04
807975.3,9640084,101,20,5.48,4.66,288,26,4,4.2,1.55,0.03,5.15,30,12.39,51.33,1.47
808007.3,9640127.1,106,20,5.23,4.18,59,10,1,1.14,0.33,0.48,4.6,36,2.75,14.88,0.42
808034.1,9640168.2,111,20,5.28,4.19,29,10,1,0.91,0.35,0.45,3.42,84,0.82,8.81,0.28
808064.9,9640209.1,116,20,4.95,4.04,16,13,2,0.45,0.1,0.86,5.25,52,0.57,4.58,0.22
808104.4,9640180.2,121,20,4.65,3.87,30,10,2,0.29,0.02,1.46,5.61,69,0.3,1.18,0.22
808075.4,9640139.2,126,20,3.9,3.69,67,12,1,0.07,0.03,1.51,4.92,51,0.7,5.54,0.46
808046,9640097.3,131,20,5.08,4.03,77,11,1,0.83,0.32,0.6,4.75,64,4.37,22.11,0.68
808015.9,9640052.4,136,20,5.66,4.53,501,16,8,3.22,0.6,0,6.55,33,15.61,20.52,2.36
808057.2,9640023.2,141,20,5.09,4,142,22,1,0.97,0.25,0.75,6.63,44,7.07,14.18,1.41
808087.7,9640064.1,146,20,4.43,3.7,78,13,1,0.1,0.05,1.44,6.44,59,0.56,4.82,0.59
808029.6,9639981.6,151,20,5.07,4.2,167,19,2,2.64,0.47,0.31,7.67,45,5.18,24.83,1.84
808014.1,9639959.9,156,20,5.32,4.52,305,24,6,5.68,0.88,0.05,8.42,22,15.03,52.66,1.76
808114.4,9640107.1,161,20,4.74,3.96,42,13,1,0.29,0.17,1.09,1.77,92,0.32,2.75,0.23
808146.7,9640147.2,166,20,4.51,3.91,17,17,1,0.14,0.08,1.71,1.95,134,0.21,1.96,0.16
808174.3,9640128.7,171,20,4.19,3.77,13,16,1,0.09,0.04,1.8,6.01,176,0.35,1.13,0.15
808154.8,9640080.3,176,20,4.4,3.86,29,16,1,0.05,0.04,1.81,6.2,109,0.32,1.06,0.16
808127,9640038.3,181,20,3.82,3.51,33,38,4,0.17,0.11,2.24,8.2,271,0.9,1.91,0.42
808097,9639997.3,186,20,5.02,4.1,79,10,1,1.42,0.15,0.8,5.4,41,6.07,26.56,0.9
808136.5,9639965.2,191,20,4.86,4.03,74,23,1,0.64,0.56,0.57,2.64,69,3.15,16.75,0.53
808035.2,9639902.6,196,20,4.3,3.72,88,34,3,0.56,0.21,1.53,3.55,66,1.74,17.55,0.48
808167.7,9640007.5,201,20,5.09,4.12,57,18,1,1.05,0.57,0.59,5.03,47,41.56,24.61,0.78
808081.3,9639883.6,206,20,4.81,3.94,113,20,2,1.35,0.28,0.69,2.03,40,4.63,15.32,0.83
808071.9,9639870.9,211,20,4.61,3.84,113,12,1,0.61,0.17,1.38,3.83,41,4.87,14.59,0.72
808104.4,9639831.8,216,20,4.78,4.02,70,34,1,2.14,0.45,0.44,3.96,25,6.51,41.39,0.75
808119.5,9639853.8,221,20,5.9,5.03,94,53,2,3.93,0.96,0,2.41,49,8.33,63.92,0.63
808140.7,9639882.4,226,20,5.63,4.67,86,19,2,2.94,0.71,0,1.91,68,11.54,38.33,1.01
808151.2,9639807.1,231,20,5.25,4.31,114,40,1,1.72,0.57,0.03,3.1,158,14.68,23.13,1.49
808159.4,9639821.7,236,20,5.93,4.95,213,24,2,3.68,0.79,0,2.31,34,13.66,20.71,1.53
808181,9639856.4,241,20,5.31,4.32,74,23,2,2.87,0.58,0.18,3.83,41,14.12,23.66,1
808042,9639912,246,20,4.52,3.84,97,27,1,0.81,0.25,1.23,4.26,57,2.74,27.21,0.7
808070.4,9639956.3,251,20,5.53,4.57,125,32,3,4.45,1.1,0,2.28,47,14.27,49.13,0.16
808103.7,9639918.5,256,20,5.58,4.56,76,17,3,2.63,0.36,0,1.49,64,4.59,24.97,0.85
808026,9640239.5,261,20,4.9,4.02,44,19,2,0.81,0.47,0.81,2.94,35,1.48,17.95,0.6
807946.1,9640336.8,1,40,4.71,3.98,31,14,2,0.46,0.08,1.27,5.97,42,0.47,2.19,0.21
807960.2,9640321,6,40,5.05,3.99,54,5,1,1.17,0.07,0.85,5.16,34,3.7,8.89,0.6
807986.8,9640272.5,11,40,5.07,4.1,61,2,1,0.66,0.21,0.53,5.21,38,0.51,2.28,0.31
807956.8,9640230.2,16,40,5.08,4.17,57,8,1,1.14,0.31,0.41,4.77,49,2.36,15.59,0.57
807927.4,9640186.8,21,40,5.13,4.11,136,3,1,0.36,0.08,1.05,5.21,29,1.65,4.56,1.18
807953.4,9640172.5,26,40,5.62,4.53,72,6,1,1.17,0.31,0,3.76,27,3.75,10.75,0.98
807901.9,9640201.6,31,40,5.02,4.05,78,4,2,0.67,0.19,1.19,4.29,33,1.9,5.74,0.78
807898.9,9640145.4,36,40,5.89,4.6,112,84,1,1.87,0.65,0,2.9,37,2.81,7.71,1.27
807840.7,9640153.4,41,40,4.97,3.91,158,10,3,1.09,0.06,0.98,3.51,32,7.58,19.8,1.97
807873.5,9640106.8,46,40,4.92,3.91,98,58,3,1.51,0.08,0.6,3.58,44,6.08,30.43,1.8
807859.7,9640087.6,51,40,5.6,4.53,682,17,11,4.34,0.43,0,3.43,37,19.66,16.11,3
807969,9640158.7,56,40,5.52,4.33,105,4,1,1.39,0.29,0,2.92,34,3.65,14.82,1.55
807998,9640199.8,61,40,4.8,4.04,47,5,1,0.26,0.17,1.08,4.04,51,0.53,3.17,0.21
807939.9,9640116.3,66,40,5.08,4.02,137,9,1,0.86,0.23,0.63,2.81,42,1.94,3.64,1.32
807909.3,9640072.3,71,40,5.14,4.15,123,8,1,1.52,0.57,0.4,3.75,38,2.84,12.31,0.8
807902.4,9640061.5,76,40,5.48,4.47,207,18,3,4.35,0.66,0.08,2.01,22,10.05,37.86,1.49
807952,9640047.1,81,40,5.66,4.62,248,11,3,3.7,0.65,0,3.73,20,7.58,14.48,1.5
807941,9640028.3,86,40,5.31,4.33,126,12,1,2.35,0.25,0.15,3.42,28,3.99,20.78,1.2
807985.7,9640011.1,91,40,5.69,4.68,362,25,6,4.62,0.93,0,3.61,29,12.05,50.5,1.47
807974.5,9639989.4,96,40,5.27,4.17,280,19,3,1.71,0.33,0.47,5.36,31,5.23,10.45,1.43
807975.3,9640084,101,40,5,3.88,136,7,2,1.4,0.16,0.68,3.98,80,1.86,4.27,1.66
808007.3,9640127.1,106,40,5.09,4.11,78,6,2,0.65,0.22,0.5,4.29,26,1.24,5.4,0.56
808034.1,9640168.2,111,40,5.17,4.1,41,6,1,0.52,0.19,0.66,4.29,41,0.36,3.77,0.24
808064.9,9640209.1,116,40,4.76,4.04,15,6,2,0.17,0.09,1.02,4.32,38,0.4,1.91,0.17
808104.4,9640180.2,121,40,4.6,3.95,24,4,1,0.14,0.02,1.44,4.32,78,0.25,1.37,0.25
808075.4,9640139.2,126,40,4.44,3.96,92,4,1,0.07,0.02,1.28,5.25,31,0.58,3.3,0.55
808046,9640097.3,131,40,5.54,4.31,57,5,1,1.42,0.71,0,3.55,22,5.48,11.51,0.5
808015.9,9640052.4,136,40,5.65,4.4,312,12,4,2.32,0.4,0,3.71,28,11.77,9.31,3.15
808057.2,9640023.2,141,40,5.03,3.98,145,11,1,0.66,0.21,0.87,6.58,33,4.37,6.38,1.39
808087.7,9640064.1,146,40,4.61,3.99,45,4,1,0.06,0.02,1.2,5.02,34,0.5,2.92,0.43
808029.6,9639981.6,151,40,5.26,4.05,213,6,2,1.35,0.29,0.66,5.84,34,4.04,7.29,2.56
808014.1,9639959.9,156,40,5.63,4.44,634,16,10,5.34,0.41,0,7.51,34,19.69,29.18,3.16
808114.4,9640107.1,161,40,4.82,4.07,40,5,1,0.1,0.07,1.12,2,57,0.16,2.8,0.25
808146.7,9640147.2,166,40,4.58,4.03,19,5,1,0.06,0.03,1.41,1.95,71,0.12,1.79,0.14
808174.3,9640128.7,171,40,4.42,3.95,9,6,1,0.07,0.03,1.48,3.91,144,0.14,1.26,0.14
808154.8,9640080.3,176,40,4.49,4.05,18,4,1,0.04,0.02,1.38,3.09,74,0.15,1.59,0.17
808127,9640038.3,181,40,4.33,3.59,50,47,7,0.11,0.15,1.92,5.74,203,0.79,2.52,0.37
808097,9639997.3,186,40,5.36,4.19,73,5,1,1.43,0.06,0.52,4.09,28,3.76,14.01,0.65
808136.5,9639965.2,191,40,5.16,4.12,104,7,1,0.66,0.2,0.56,3.23,54,3.11,7.95,0.58
808035.2,9639902.6,196,40,4.45,3.87,63,13,2,0.28,0.07,1.57,5.82,35,1.51,6.36,0.42
808167.7,9640007.5,201,40,5.03,4.02,61,6,1,0.68,0.32,0.9,3.8,31,4.83,10,0.93
808081.3,9639883.6,206,40,5.05,4.07,116,10,1,1.25,0.2,0.57,4.13,35,2.81,7.92,0.89
808071.9,9639870.9,211,40,4.72,3.98,121,6,1,0.57,0.16,1.03,4.46,40,2.52,5.97,0.82
808104.4,9639831.8,216,40,4.87,4.09,54,7,1,0.99,0.35,0.51,2.36,24,2.45,7.25,0.86
808119.5,9639853.8,221,40,5.59,5.42,108,25,1,1.54,0.5,0,2.24,33,3.53,7.58,0.78
808140.7,9639882.4,226,40,5.58,4.36,120,8,1,1.94,0.31,0,2.11,34,5.28,14.63,1.07
808151.2,9639807.1,231,40,5.11,4.19,105,15,1,1.04,0.37,0.23,1.98,73,9.29,7.41,1.1
808159.4,9639821.7,236,40,5.65,4.58,165,9,2,2.07,0.58,0,2.41,27,6.05,8.15,1.25
808181,9639856.4,241,40,5.65,4.47,99,10,2,3,0.27,0,4.36,20,9.88,14.09,1.02
808042,9639912,246,40,4.67,3.86,84,8,1,0.61,0.1,1.47,3.43,38,3.01,11.02,0.62
808070.4,9639956.3,251,40,5.45,4.06,271,10,2,2.21,0.42,0.48,3.05,44,6.64,9.99,2.57
808103.7,9639918.5,256,40,5.39,4.21,106,10,2,1.57,0.27,0.44,1.82,39,3.44,13.83,0.87
808026,9640239.5,261,40,5.01,4.04,52,4,1,0.63,0.08,0.82,2.21,30,0.58,4.48,0.43
807946.1,9640336.8,1,60,4.82,4.05,17,7,2,0.33,0.07,1.02,4.36,34,0.38,1.22,0.16
807960.2,9640321,6,60,5.15,4.08,96,2,1,0.92,0.04,0.38,4.01,35,0.96,2.7,0.42
807986.8,9640272.5,11,60,4.96,4.09,69,1,1,0.49,0.2,0.62,3.23,28,0.49,1.07,0.26
807956.8,9640230.2,16,60,5.02,4.07,93,1,1,0.32,0.18,0.52,1.86,27,0.85,0.59,0.23
807927.4,9640186.8,21,60,5.14,4.03,130,1,1,0.36,0.08,1.25,4.26,28,1.88,3.5,1.21
807953.4,9640172.5,26,60,4.99,4.29,94,2,1,0.94,0.3,0.38,2.51,26,1.74,3.93,0.7
807901.9,9640201.6,31,60,5.01,4.08,84,2,1,0.63,0.05,0.72,4.26,32,1.15,3.33,0.77
807898.9,9640145.4,36,60,5.9,4.59,141,7,1,1.52,0.51,0,4.03,29,2.92,6.32,1.49
807840.7,9640153.4,41,60,4.98,3.98,112,6,1,0.94,0.05,0.74,3.43,37,4.87,12.76,1.9
807873.5,9640106.8,46,60,5.28,4.32,110,5,1,1.53,0.04,0.13,2.06,34,2.28,8.89,1.36
807859.7,9640087.6,51,60,5.68,4.6,292,9,6,3.56,0.12,0,1.85,38,12.66,13.28,3.41
807969,9640158.7,56,60,5.48,4.37,84,3,1,1.15,0.2,0.12,2.59,30,2.2,6.95,1.27
807998,9640199.8,61,60,4.69,4.01,51,4,1,0.14,0.1,1.06,2.74,30,0.44,0.86,0.18
807939.9,9640116.3,66,60,4.97,4.04,159,5,1,0.67,0.15,0.5,2.95,34,1.48,2.25,1.3
807909.3,9640072.3,71,60,5.04,4.12,141,3,1,0.85,0.32,0.44,2.87,29,1.06,3.61,0.7
807902.4,9640061.5,76,60,5.45,4.42,268,17,4,3.84,0.39,0.13,2.48,27,8.73,21.73,2.24
807952,9640047.1,81,60,5.35,4.29,174,5,1,1.61,0.38,0.13,0.96,35,2.84,7.16,1.65
807941,9640028.3,86,60,5,4.11,152,6,1,1.14,0.22,0.32,2.61,27,1.82,5.22,1.14
807985.7,9640011.1,91,60,5.7,4.56,834,24,12,4.35,0.82,0,6.01,49,14.74,31.74,3.14
807974.5,9639989.4,96,60,5.13,4.02,261,19,3,1.45,0.36,0.85,7.26,27,5.95,12.29,2.11
807975.3,9640084,101,60,5.02,3.99,224,4,1,0.95,0.13,0.52,5.31,44,1.27,2.14,1.21
808007.3,9640127.1,106,60,5.03,4.11,80,5,2,0.61,0.26,0.46,4.36,24,1.08,4.37,0.47
808034.1,9640168.2,111,60,4.8,4.01,37,6,2,0.28,0.13,0.89,2.99,28,0.28,1.91,0.19
808064.9,9640209.1,116,60,4.78,4.02,16,4,1,0.13,0.06,0.93,3.68,30,0.38,1.34,0.16
808104.4,9640180.2,121,60,4.55,3.96,32,3,1,0.08,0.02,1.45,5.66,56,0.2,1.21,0.25
808075.4,9640139.2,126,60,4.6,3.97,75,3,1,0.06,0.03,1.09,4.55,24,0.53,2.19,0.62
808046,9640097.3,131,60,5.58,4.28,65,4,1,1.88,0.24,0,3.96,18,4.04,11.67,0.45
808015.9,9640052.4,136,60,5.59,4.4,173,9,2,1.7,0.27,0,4.92,25,8.47,9.02,2.02
808057.2,9640023.2,141,60,5.04,4.04,140,5,1,0.64,0.18,0.66,4.7,30,3.91,4.68,1.38
808087.7,9640064.1,146,60,4.94,4.02,52,3,1,0.2,0.07,0.9,3.98,22,0.98,2.49,0.45
808029.6,9639981.6,151,60,5.27,4.09,164,4,1,1.11,0.28,0.48,6.04,29,3.83,6.26,2.51
808014.1,9639959.9,156,60,5.75,4.48,587,11,9,4.46,0.25,0,5.33,27,17.14,13.66,3.51
808114.4,9640107.1,161,60,4.81,4.1,42,3,1,0.07,0.06,1.17,1.5,28,0.15,1.29,0.2
808146.7,9640147.2,166,60,4.66,4.09,24,3,1,0.07,0.03,1.24,2.72,26,0.14,1.06,0.13
808174.3,9640128.7,171,60,4.49,4.06,10,3,1,0.04,0.02,1.42,1.45,53,0.18,1.08,0.1
808154.8,9640080.3,176,60,4.67,4.12,20,3,1,0.04,0.02,1.26,2.11,30,0.13,1.28,0.19
808127,9640038.3,181,60,3.95,3.9,37,9,2,0.06,0.04,1.78,4.22,80,0.95,4.29,0.27
808097,9639997.3,186,60,5.48,4.19,94,2,1,0.88,0.05,0.54,3.43,25,0.98,5.97,0.62
808136.5,9639965.2,191,60,5.23,4.18,78,3,1,0.55,0.25,0.42,1.72,31,0.59,2.43,0.4
808035.2,9639902.6,196,60,4.67,3.92,75,6,1,0.33,0.05,1.22,3.58,25,1.24,2.67,0.4
808167.7,9640007.5,201,60,5.15,4.1,66,3,1,0.78,0.32,0.61,1.6,29,2.25,5.89,0.92
808081.3,9639883.6,206,60,5.09,4.08,104,10,1,0.96,0.22,0.49,3.66,33,1.59,4.05,0.82
808071.9,9639870.9,211,60,4.74,3.92,124,4,1,0.52,0.13,1.11,3.76,48,1.65,3.76,1.04
808104.4,9639831.8,216,60,4.98,4.21,67,6,2,0.96,0.29,0.29,1.68,20,1.42,3.73,0.76
808119.5,9639853.8,221,60,5.37,4.14,112,18,1,1.15,0.45,0.35,2.9,35,3.03,5.64,1.06
808140.7,9639882.4,226,60,5.32,4.21,114,8,2,1.31,0.33,0.2,3,26,3.11,6.78,1.1
808151.2,9639807.1,231,60,5.01,4.17,132,12,2,0.9,0.28,0.2,3.23,34,6.82,3.28,0.76
808159.4,9639821.7,236,60,5.46,4.49,135,5,1,1.17,0.49,0.05,2.26,24,2.41,1.9,0.63
808181,9639856.4,241,60,5.73,4.51,80,3,1,1.53,0.23,0,2.01,28,2.82,4.2,0.72
808042,9639912,246,60,4.77,3.95,84,7,1,0.69,0.09,1.09,2.95,36,1.8,5.02,0.59
808070.4,9639956.3,251,60,5.49,4.15,289,8,2,2.3,0.31,0.49,0.81,60,7.07,7.46,3.2
808103.7,9639918.5,256,60,5.29,4.07,97,7,2,1.05,0.25,0.48,2.48,33,2.14,5.16,0.78
808026,9640239.5,261,60,5.01,4.08,50,2,1,0.61,0.06,0.66,2.43,37,0.71,2.71,0.34
807946.1,9640336.8,1,80,5,4.25,6,2,1,0.22,0.05,0.6,2.52,24,0.33,0.51,0.1
807960.2,9640321,6,80,5.22,4.21,108,1,1,0.88,0.04,0.3,3.05,24,0.8,1.61,0.33
807986.8,9640272.5,11,80,4.98,4.11,82,1,1,0.36,0.13,0.49,3.12,21,0.4,0.62,0.23
807956.8,9640230.2,16,80,4.95,4.08,92,2,1,0.32,0.12,0.51,1.83,21,0.8,0.55,0.21
807927.4,9640186.8,21,80,5.06,4.06,103,1,1,0.39,0.08,1.01,4.54,26,1.46,2.16,0.92
807953.4,9640172.5,26,80,5.09,4.39,105,1,1,0.9,0.2,0.3,3.65,23,1.33,1.45,0.49
807901.9,9640201.6,31,80,5.11,4.12,221,7,2,0.66,0.05,0.92,2.38,27,2.86,7.88,2.54
807898.9,9640145.4,36,80,5.84,4.54,274,8,2,1.67,0.45,0,2.85,26,3.57,5.67,2.06
807840.7,9640153.4,41,80,5.01,4.04,110,5,2,0.94,0.04,0.42,2.06,29,3.08,5.9,1.01
807873.5,9640106.8,46,80,5.31,4.33,110,6,2,1.39,0.05,0.13,2.39,31,1.61,5.63,1.17
807859.7,9640087.6,51,80,5.62,4.59,294,5,3,2.73,0.09,0,1.96,40,8.27,10.05,2.82
807969,9640158.7,56,80,5.31,4.36,82,1,1,0.93,0.13,0.13,2.13,29,1.19,1.52,0.86
807998,9640199.8,61,80,4.49,4.01,54,3,1,0.15,0.1,0.94,2.89,23,0.49,0.53,0.17
807939.9,9640116.3,66,80,5.1,4.13,160,6,1,0.64,0.14,0.35,2.33,26,1.22,1.08,1
807909.3,9640072.3,71,80,4.89,4.11,180,2,1,0.66,0.16,0.43,3.38,23,0.91,1.83,0.53
807902.4,9640061.5,76,80,5.48,4.44,724,21,12,4.07,0.3,0.08,3.23,49,12.95,16.73,2.56
807952,9640047.1,81,80,5.26,4.31,240,4,1,1.37,0.33,0.12,1.8,28,2.27,4.69,1.39
807941,9640028.3,86,80,4.89,4.1,202,7,1,0.94,0.19,0.35,2.13,28,1.69,5.95,1.14
807985.7,9640011.1,91,80,5.61,4.52,762,23,10,3.73,0.65,0,4.49,39,15.67,24.89,3.65
807974.5,9639989.4,96,80,4.96,4.15,159,3,1,0.66,0.2,0.27,2.56,38,2.29,3.84,0.71
807975.3,9640084,101,80,5.01,4.12,228,4,1,0.84,0.14,0.27,4.65,29,1.31,2.02,0.79
808007.3,9640127.1,106,80,4.94,4.2,88,5,2,0.61,0.26,0.26,3.78,20,0.8,2.49,0.37
808034.1,9640168.2,111,80,4.53,4.02,36,2,1,0.11,0.07,0.9,4.62,17,0.16,0.49,0.11
808064.9,9640209.1,116,80,4.96,4.08,16,2,2,0.09,0.03,0.76,2.41,18,0.38,0.64,0.1
808104.4,9640180.2,121,80,4.58,3.99,33,3,1,0.08,0.02,1.26,4.62,33,0.22,0.96,0.24
808075.4,9640139.2,126,80,4.94,4.01,89,3,1,0.16,0.04,0.88,4.32,22,0.68,2.15,0.51
808046,9640097.3,131,80,5.59,4.33,116,2,1,0.94,0.18,0,3.96,24,1.36,3.24,0.94
808015.9,9640052.4,136,80,5.49,4.5,178,9,1,1.42,0.26,0.07,3.88,23,6.54,7.29,1.47
808057.2,9640023.2,141,80,5.03,4.14,111,5,1,0.81,0.16,0.36,3.96,23,3.31,3.01,1.11
808087.7,9640064.1,146,80,5.18,4.13,70,5,1,0.47,0.07,0.54,3.38,24,0.37,2.82,0.46
808029.6,9639981.6,151,80,5.18,4.21,125,3,1,0.85,0.27,0.23,3.27,22,2.75,3.43,1.53
808014.1,9639959.9,156,80,5.83,4.56,620,12,11,4.2,0.16,0,5.36,28,16.46,14.28,3.46
808114.4,9640107.1,161,80,4.85,4.13,42,2,1,0.08,0.06,1,1.12,19,0.15,0.83,0.19
808146.7,9640147.2,166,80,4.88,4.14,23,2,1,0.08,0.03,0.95,1.29,18,0.1,0.67,0.11
808174.3,9640128.7,171,80,4.65,4.09,11,2,1,0.05,0.02,1.27,1.09,24,0.14,0.72,0.12
808154.8,9640080.3,176,80,4.56,4.07,24,2,1,0.04,0.02,1.38,2.16,36,0.14,1.49,0.18
808127,9640038.3,181,80,4.03,3.97,31,5,1,0.05,0.03,1.57,3.56,60,1.17,2.6,0.24
808097,9639997.3,186,80,5.31,4.12,91,2,1,0.72,0.11,0.49,3.51,23,0.47,3.73,0.62
808136.5,9639965.2,191,80,5.27,4.28,79,2,1,0.52,0.35,0.3,1.55,26,0.41,1.83,0.35
808035.2,9639902.6,196,80,4.81,3.99,82,3,1,0.42,0.04,0.77,2.89,20,0.66,1.01,0.29
808167.7,9640007.5,201,80,5.22,4.2,79,2,1,0.81,0.15,0.36,1.63,23,1.15,2.33,0.76
808081.3,9639883.6,206,80,5.07,4.11,107,7,1,0.78,0.23,0.43,2.18,30,1.06,2.91,0.67
808071.9,9639870.9,211,80,4.87,3.99,157,7,1,0.56,0.13,0.95,5.43,40,1.84,4.45,1.71
808104.4,9639831.8,216,80,5.04,4.3,100,4,1,0.93,0.15,0.19,2.41,22,0.98,2.09,0.67
808119.5,9639853.8,221,80,5.25,4.22,107,14,1,1,0.37,0.26,1.91,30,2.65,5.12,0.88
808140.7,9639882.4,226,80,5.37,4.24,105,2,1,0.92,0.41,0.12,3.27,25,1.91,2.06,0.7
808151.2,9639807.1,231,80,5.04,4.27,142,5,2,0.87,0.22,0.12,2.67,30,4.52,1.84,0.55
808159.4,9639821.7,236,80,5.29,4.53,137,5,1,1.05,0.52,0.07,2.13,26,2.09,2.12,0.47
808181,9639856.4,241,80,5.65,4.54,88,3,1,1.28,0.21,0,1.12,24,1.39,2.1,0.61
808042,9639912,246,80,5.01,4.12,91,4,1,0.9,0.07,0.48,1.12,34,0.89,3.31,0.46
808070.4,9639956.3,251,80,5.49,4.2,205,5,1,1.82,0.25,0.34,0.35,57,4.76,5.89,2.47
808103.7,9639918.5,256,80,5.24,4.13,95,5,2,0.91,0.23,0.43,2.61,31,1.44,3.9,0.71
808026,9640239.5,261,80,4.91,4.06,52,2,1,0.53,0.05,0.7,2.64,31,0.45,2.06,0.28
807946.1,9640336.8,1,100,5.15,4.33,4,3,1,0.15,0.04,0.45,0.59,14,0.25,0.13,0.07
807960.2,9640321,6,100,5.12,4.22,131,2,1,0.77,0.04,0.25,2.89,21,0.7,1.39,0.31
807986.8,9640272.5,11,100,5.01,4.17,89,1,1,0.43,0.15,0.44,1.8,18,0.65,0.6,0.18
807956.8,9640230.2,16,100,4.86,4.04,91,3,1,0.33,0.11,0.63,1.7,23,0.81,1.33,0.29
807927.4,9640186.8,21,100,4.97,4.08,100,3,1,0.47,0.08,0.78,3.35,24,1.43,1.85,0.58
807953.4,9640172.5,26,100,5.09,4.38,103,1,1,0.89,0.17,0.31,2.34,23,1.18,1.67,0.5
807901.9,9640201.6,31,100,4.96,4.09,126,3,2,0.74,0.06,0.54,2.74,25,1.84,6.16,1.41
807898.9,9640145.4,36,100,5.76,4.43,323,9,2,1.61,0.36,0.27,2.52,31,4.4,7.04,2.59
807840.7,9640153.4,41,100,4.99,4.11,128,8,1,0.85,0.05,0.38,1.44,25,2.35,8.76,0.81
807873.5,9640106.8,46,100,5.33,4.48,124,2,2,1.25,0.05,0.05,2.38,29,1.46,3.88,0.84
807859.7,9640087.6,51,100,5.51,4.57,225,4,2,2.31,0.1,0,2.44,54,5.61,7.92,2.3
807969,9640158.7,56,100,5.2,4.38,87,1,1,0.91,0.13,0.1,2.66,31,1.18,1.66,0.79
807998,9640199.8,61,100,4.55,4.06,51,3,1,0.19,0.1,0.77,1.75,22,0.69,0.52,0.17
807939.9,9640116.3,66,100,4.99,4.18,190,4,1,0.61,0.11,0.31,1.86,24,1.3,1.42,0.88
807909.3,9640072.3,71,100,4.85,4.14,219,4,1,0.65,0.12,0.33,2.33,20,0.98,1.43,0.4
807902.4,9640061.5,76,100,5.5,4.6,474,18,5,2.64,0.26,0,2.54,35,8.02,13.97,1.8
807952,9640047.1,81,100,5.23,4.41,213,25,2,1.27,0.29,0.07,1.68,26,2.21,4.65,1.1
807941,9640028.3,86,100,4.98,4.17,218,4,1,0.78,0.11,0.27,1.22,26,1.67,5.68,1
807985.7,9640011.1,91,100,5.55,4.58,173,7,2,1.75,0.39,0,2.89,28,6.94,12.44,2.46
807974.5,9639989.4,96,100,4.94,4.1,152,2,1,0.6,0.19,0.28,2,29,2.97,3.01,0.75
807975.3,9640084,101,100,5.03,4.16,254,4,2,0.8,0.12,0.22,4.5,25,1.04,1.26,0.63
808007.3,9640127.1,106,100,5.06,4.21,97,2,2,0.52,0.19,0.31,3.43,17,0.49,0.71,0.25
808034.1,9640168.2,111,100,4.51,4.06,32,2,1,0.11,0.08,0.88,2.77,14,0.26,0.37,0.13
808064.9,9640209.1,116,100,5.04,4.15,21,2,1,0.17,0.04,0.57,2.94,15,0.23,0.94,0.11
808104.4,9640180.2,121,100,4.74,4.03,29,2,1,0.07,0.02,1.02,3.84,22,0.37,0.57,0.26
808075.4,9640139.2,126,100,4.82,4.04,90,2,1,0.24,0.03,0.65,3.96,19,0.25,2.67,0.45
808046,9640097.3,131,100,5.45,4.35,133,2,1,0.85,0.15,0.2,3.32,23,1.01,2.31,0.96
808015.9,9640052.4,136,100,5.39,4.52,154,11,2,1.44,0.28,0.07,4.44,21,5.72,5.96,1.37
808057.2,9640023.2,141,100,5.13,4.23,121,5,1,0.88,0.13,0.23,3,21,3.02,2.45,0.94
808087.7,9640064.1,146,100,5.08,4.11,81,3,1,0.52,0.05,0.45,3.2,22,0.35,1.8,0.44
808029.6,9639981.6,151,100,5.18,4.36,172,3,1,0.72,0.25,0.13,3.17,17,2.33,1.84,0.82
808014.1,9639959.9,156,100,5.77,4.55,798,19,22,4.32,0.08,0,3.63,35,23.83,16.75,5
808114.4,9640107.1,161,100,4.86,4.15,42,2,1,0.09,0.07,0.83,1.02,16,0.12,0.53,0.15
808146.7,9640147.2,166,100,4.94,4.17,27,2,1,0.05,0.02,0.84,1.4,12,0.1,0.33,0.13
808174.3,9640128.7,171,100,4.84,4.17,11,2,1,0.04,0.02,0.91,1.35,17,0.12,0.31,0.1
808154.8,9640080.3,176,100,4.59,4.05,29,2,1,0.04,0.02,1.09,1.57,28,0.15,0.89,0.19
808127,9640038.3,181,100,4.16,3.97,34,4,1,0.08,0.04,1.66,2.71,52,1.94,2.43,0.25
808097,9639997.3,186,100,5.25,4.1,87,2,1,0.56,0.11,0.51,2.31,22,0.38,2.51,0.51
808136.5,9639965.2,191,100,5.24,4.3,85,2,1,0.47,0.39,0.13,2.49,22,0.43,1.6,0.33
808035.2,9639902.6,196,100,4.88,4.06,83,3,1,0.49,0.04,0.58,2.1,18,0.63,0.71,0.26
808167.7,9640007.5,201,100,5.2,4.3,102,2,1,0.79,0.14,0.21,2.05,20,1.03,1.35,0.51
808081.3,9639883.6,206,100,5.03,4.1,115,6,1,0.64,0.18,0.43,4.92,33,0.87,1.95,0.54
808071.9,9639870.9,211,100,4.82,3.95,296,6,2,0.57,0.11,1.16,5.87,36,2.65,5.4,2.11
808104.4,9639831.8,216,100,5.15,4.45,112,2,1,0.96,0.11,0.1,1.22,20,0.82,1.28,0.61
808119.5,9639853.8,221,100,5.18,4.28,123,8,1,0.84,0.26,0.17,1.32,23,1.69,1.51,0.5
808140.7,9639882.4,226,100,5.22,4.28,103,2,1,0.7,0.4,0.14,2.49,22,1.19,0.87,0.48
808151.2,9639807.1,231,100,5.15,4.37,162,6,2,0.95,0.25,0.08,1.86,26,3.14,1.8,0.54
808159.4,9639821.7,236,100,5.27,4.53,148,6,1,1.1,0.52,0.06,1.6,24,2.4,2.25,0.46
808181,9639856.4,241,100,5.71,4.63,101,2,1,1.21,0.2,0,0.78,24,0.94,1.64,0.43
808042,9639912,246,100,5.15,4.27,92,6,1,1.08,0.09,0.23,1.02,32,0.69,2.95,0.4
808070.4,9639956.3,251,100,4.9,4.07,55,2,1,0.46,0.04,0.67,3.75,25,0.41,1.23,0.28
808103.7,9639918.5,256,100,5.15,4.24,89,3,2,0.84,0.19,0.34,1.9,31,1.13,2.34,0.48
808026,9640239.5,261,100,5.4,4.36,161,5,1,1.32,0.17,0.14,2.19,31,2.63,3.77,1.36